year,CO2 [ppm],seasonally adjusted [ppm],fit [ppm],seasonally adjusted fit [ppm],CO2 filled [ppm],seasonally adjusted filled [ppm]
1958.0,-99.99,-99.99,-99.99,-99.99,-99.99,-99.99
1958.0833333333333,-99.99,-99.99,-99.99,-99.99,-99.99,-99.99
1958.1666666666667,315.7,314.43,316.19,314.9,315.7,314.43
1958.25,317.45,315.15,317.3,314.98,317.45,315.15
1958.3333333333333,317.51,314.72,317.85,315.06,317.51,314.72
1958.4166666666667,-99.99,-99.99,317.24,315.14,317.24,315.14
1958.5,315.86,315.18,315.87,315.22,315.86,315.18
1958.5833333333333,314.93,316.18,314.0,315.29,314.93,316.18
1958.6666666666667,313.21,316.08,312.46,315.35,313.21,316.08
1958.75,-99.99,-99.99,312.44,315.41,312.44,315.41
1958.8333333333333,313.33,315.2,313.62,315.46,313.33,315.2
1958.9166666666667,314.67,315.43,314.77,315.52,314.67,315.43
1959.0,315.58,315.55,315.61,315.57,315.58,315.55
1959.0833333333333,316.48,315.87,316.26,315.64,316.48,315.87
1959.1666666666667,316.65,315.37,316.99,315.7,316.65,315.37
1959.25,317.72,315.41,318.1,315.77,317.72,315.41
1959.3333333333333,318.29,315.49,318.65,315.85,318.29,315.49
1959.4166666666667,318.15,316.03,318.04,315.94,318.15,316.03
1959.5,316.54,315.86,316.69,316.03,316.54,315.86
1959.5833333333333,314.8,316.06,314.83,316.13,314.8,316.06
1959.6666666666667,313.84,316.72,313.32,316.22,313.84,316.72
1959.75,313.33,316.32,313.33,316.31,313.33,316.32
1959.8333333333333,314.81,316.68,314.54,316.4,314.81,316.68
1959.9166666666667,315.58,316.35,315.73,316.48,315.58,316.35
1960.0,316.43,316.4,316.6,316.56,316.43,316.4
1960.0833333333333,316.98,316.36,317.27,316.64,316.98,316.36
1960.1666666666667,317.58,316.27,318.04,316.72,317.58,316.27
1960.25,319.03,316.69,319.15,316.8,319.03,316.69
1960.3333333333333,320.04,317.23,319.67,316.87,320.04,317.23
1960.4166666666667,319.59,317.48,319.02,316.93,319.59,317.48
1960.5,318.18,317.52,317.61,316.98,318.18,317.52
1960.5833333333333,315.9,317.19,315.7,317.02,315.9,317.19
1960.6666666666667,314.17,317.07,314.13,317.05,314.17,317.07
1960.75,313.83,316.83,314.09,317.08,313.83,316.83
1960.8333333333333,315.0,316.88,315.26,317.11,315.0,316.88
1960.9166666666667,316.19,316.96,316.4,317.15,316.19,316.96
1961.0,316.9,316.87,317.25,317.2,316.9,316.87
1961.0833333333333,317.7,317.08,317.9,317.27,317.7,317.08
1961.1666666666667,318.54,317.25,318.64,317.34,318.54,317.25
1961.25,319.48,317.15,319.76,317.42,319.48,317.15
1961.3333333333333,320.58,317.76,320.32,317.5,320.58,317.76
1961.4166666666667,319.77,317.64,319.71,317.59,319.77,317.64
1961.5,318.57,317.88,318.34,317.68,318.57,317.88
1961.5833333333333,316.79,318.06,316.47,317.77,316.79,318.06
1961.6666666666667,314.99,317.89,314.93,317.85,314.99,317.89
1961.75,315.31,318.32,314.92,317.92,315.31,318.32
1961.8333333333333,316.1,317.99,316.13,317.99,316.1,317.99
1961.9166666666667,317.01,317.79,317.3,318.06,317.01,317.79
1962.0,317.94,317.91,318.17,318.13,317.94,317.91
1962.0833333333333,318.55,317.93,318.83,318.2,318.55,317.93
1962.1666666666667,319.68,318.39,319.57,318.26,319.68,318.39
1962.25,320.57,318.24,320.68,318.33,320.57,318.24
1962.3333333333333,321.02,318.19,321.22,318.39,321.02,318.19
1962.4166666666667,320.62,318.48,320.58,318.45,320.62,318.48
1962.5,319.61,318.92,319.17,318.51,319.61,318.92
1962.5833333333333,317.4,318.68,317.25,318.56,317.4,318.68
1962.6666666666667,316.25,319.16,315.67,318.6,316.25,319.16
1962.75,315.42,318.44,315.63,318.64,315.42,318.44
1962.8333333333333,316.69,318.58,316.81,318.68,316.69,318.58
1962.9166666666667,317.7,318.47,317.96,318.72,317.7,318.47
1963.0,318.74,318.71,318.81,318.77,318.74,318.71
1963.0833333333333,319.07,318.44,319.45,318.81,319.07,318.44
1963.1666666666667,319.86,318.56,320.17,318.86,319.86,318.56
1963.25,321.38,319.04,321.27,318.91,321.38,319.04
1963.3333333333333,322.25,319.41,321.8,318.96,322.25,319.41
1963.4166666666667,321.48,319.33,321.15,319.01,321.48,319.33
1963.5,319.74,319.05,319.72,319.06,319.74,319.05
1963.5833333333333,317.77,319.05,317.79,319.1,317.77,319.05
1963.6666666666667,316.21,319.14,316.2,319.14,316.21,319.14
1963.75,315.99,319.02,316.16,319.18,315.99,319.02
1963.8333333333333,317.07,318.97,317.35,319.23,317.07,318.97
1963.9166666666667,318.35,319.13,318.51,319.27,318.35,319.13
1964.0,319.57,319.54,319.36,319.32,319.57,319.54
1964.0833333333333,-99.99,-99.99,320.0,319.37,320.0,319.37
1964.1666666666667,-99.99,-99.99,320.75,319.41,320.75,319.41
1964.25,-99.99,-99.99,321.84,319.45,321.84,319.45
1964.3333333333333,322.26,319.41,322.34,319.49,322.26,319.41
1964.4166666666667,321.89,319.75,321.64,319.53,321.89,319.75
1964.5,320.44,319.77,320.2,319.56,320.44,319.77
1964.5833333333333,318.69,320.0,318.24,319.58,318.69,320.0
1964.6666666666667,316.7,319.65,316.64,319.6,316.7,319.65
1964.75,316.87,319.91,316.59,319.62,316.87,319.91
1964.8333333333333,317.68,319.58,317.76,319.64,317.68,319.58
1964.9166666666667,318.71,319.49,318.9,319.66,318.71,319.49
1965.0,319.44,319.41,319.73,319.69,319.44,319.41
1965.0833333333333,320.44,319.81,320.37,319.73,320.44,319.81
1965.1666666666667,320.89,319.58,321.09,319.77,320.89,319.58
1965.25,322.14,319.78,322.21,319.84,322.14,319.78
1965.3333333333333,322.17,319.31,322.77,319.91,322.17,319.31
1965.4166666666667,321.87,319.71,322.15,320.0,321.87,319.71
1965.5,321.21,320.51,320.77,320.1,321.21,320.51
1965.5833333333333,318.87,320.15,318.89,320.21,318.87,320.15
1965.6666666666667,317.81,320.76,317.36,320.33,317.81,320.76
1965.75,317.3,320.36,317.39,320.44,317.3,320.36
1965.8333333333333,318.87,320.78,318.66,320.55,318.87,320.78
1965.9166666666667,319.42,320.2,319.9,320.67,319.42,320.2
1966.0,320.62,320.59,320.83,320.79,320.62,320.59
1966.0833333333333,321.6,320.96,321.55,320.91,321.6,320.96
1966.1666666666667,322.39,321.08,322.34,321.01,322.39,321.08
1966.25,323.7,321.33,323.51,321.13,323.7,321.33
1966.3333333333333,324.08,321.21,324.09,321.23,324.08,321.21
1966.4166666666667,323.75,321.58,323.48,321.32,323.75,321.58
1966.5,322.38,321.68,322.08,321.41,322.38,321.68
1966.5833333333333,320.36,321.65,320.16,321.48,320.36,321.65
1966.6666666666667,318.64,321.6,318.58,321.56,318.64,321.6
1966.75,318.1,321.17,318.57,321.62,318.1,321.17
1966.8333333333333,319.78,321.7,319.79,321.69,319.78,321.7
1966.9166666666667,321.03,321.81,320.97,321.75,321.03,321.81
1967.0,322.33,322.3,321.84,321.8,322.33,322.3
1967.0833333333333,322.5,321.86,322.5,321.86,322.5,321.86
1967.1666666666667,323.04,321.72,323.24,321.91,323.04,321.72
1967.25,324.42,322.04,324.36,321.96,324.42,322.04
1967.3333333333333,325.0,322.12,324.9,322.02,325.0,322.12
1967.4166666666667,324.09,321.91,324.24,322.08,324.09,321.91
1967.5,322.54,321.84,322.81,322.14,322.54,321.84
1967.5833333333333,320.92,322.21,320.88,322.21,320.92,322.21
1967.6666666666667,319.25,322.22,319.29,322.28,319.25,322.22
1967.75,319.39,322.47,319.28,322.35,319.39,322.47
1967.8333333333333,320.73,322.65,320.52,322.42,320.73,322.65
1967.9166666666667,321.96,322.75,321.72,322.5,321.96,322.75
1968.0,322.57,322.54,322.62,322.57,322.57,322.54
1968.0833333333333,323.15,322.51,323.3,322.66,323.15,322.51
1968.1666666666667,323.89,322.55,324.1,322.74,323.89,322.55
1968.25,325.02,322.61,325.25,322.83,325.02,322.61
1968.3333333333333,325.57,322.68,325.81,322.93,325.57,322.68
1968.4166666666667,325.36,323.19,325.18,323.03,325.36,323.19
1968.5,324.14,323.46,323.79,323.14,324.14,323.46
1968.5833333333333,322.11,323.43,321.9,323.26,322.11,323.43
1968.6666666666667,320.33,323.32,320.37,323.37,320.33,323.32
1968.75,320.25,323.33,320.42,323.49,320.25,323.33
1968.8333333333333,321.32,323.25,321.71,323.62,321.32,323.25
1968.9166666666667,322.89,323.69,322.97,323.75,322.89,323.69
1969.0,324.0,323.97,323.93,323.89,324.0,323.97
1969.0833333333333,324.42,323.78,324.68,324.03,324.42,323.78
1969.1666666666667,325.63,324.31,325.5,324.16,325.63,324.31
1969.25,326.66,324.27,326.72,324.31,326.66,324.27
1969.3333333333333,327.38,324.48,327.34,324.44,327.38,324.48
1969.4166666666667,326.71,324.51,326.75,324.57,326.71,324.51
1969.5,325.88,325.17,325.37,324.69,325.88,325.17
1969.5833333333333,323.66,324.97,323.47,324.8,323.66,324.97
1969.6666666666667,322.38,325.37,321.9,324.91,322.38,325.37
1969.75,321.78,324.88,321.91,324.99,321.78,324.88
1969.8333333333333,322.85,324.79,323.16,325.08,322.85,324.79
1969.9166666666667,324.12,324.91,324.38,325.16,324.12,324.91
1970.0,325.06,325.03,325.29,325.24,325.06,325.03
1970.0833333333333,325.98,325.34,325.98,325.33,325.98,325.34
1970.1666666666667,326.93,325.6,326.74,325.4,326.93,325.6
1970.25,328.14,325.73,327.9,325.48,328.14,325.73
1970.3333333333333,328.08,325.17,328.46,325.56,328.08,325.17
1970.4166666666667,327.67,325.46,327.82,325.63,327.67,325.46
1970.5,326.34,325.63,326.39,325.7,326.34,325.63
1970.5833333333333,324.69,325.99,324.43,325.77,324.69,325.99
1970.6666666666667,323.1,326.1,322.82,325.84,323.1,326.1
1970.75,323.06,326.17,322.79,325.89,323.06,326.17
1970.8333333333333,324.01,325.95,324.01,325.93,324.01,325.95
1970.9166666666667,325.13,325.93,325.19,325.97,325.13,325.93
1971.0,326.17,326.14,326.05,326.01,326.17,326.14
1971.0833333333333,326.68,326.04,326.7,326.05,326.68,326.04
1971.1666666666667,327.17,325.84,327.44,326.09,327.17,325.84
1971.25,327.79,325.38,328.57,326.14,327.79,325.38
1971.3333333333333,328.92,326.0,329.12,326.2,328.92,326.0
1971.4166666666667,328.57,326.36,328.46,326.26,328.57,326.36
1971.5,327.36,326.65,327.02,326.33,327.36,326.65
1971.5833333333333,325.43,326.74,325.06,326.4,325.43,326.74
1971.6666666666667,323.36,326.37,323.45,326.48,323.36,326.37
1971.75,323.56,326.68,323.44,326.55,323.56,326.68
1971.8333333333333,324.8,326.75,324.69,326.62,324.8,326.75
1971.9166666666667,326.01,326.81,325.92,326.7,326.01,326.81
1972.0,326.77,326.74,326.83,326.79,326.77,326.74
1972.0833333333333,327.63,326.99,327.53,326.88,327.63,326.99
1972.1666666666667,327.75,326.39,328.36,326.98,327.75,326.39
1972.25,329.73,327.28,329.56,327.1,329.73,327.28
1972.3333333333333,330.07,327.14,330.16,327.23,330.07,327.14
1972.4166666666667,329.09,326.89,329.56,327.38,329.09,326.89
1972.5,328.04,327.35,328.2,327.54,328.04,327.35
1972.5833333333333,326.32,327.67,326.34,327.72,326.32,327.67
1972.6666666666667,324.84,327.87,324.87,327.91,324.84,327.87
1972.75,325.2,328.32,325.0,328.11,325.2,328.32
1972.8333333333333,326.5,328.45,326.38,328.31,326.5,328.45
1972.9166666666667,327.55,328.36,327.73,328.51,327.55,328.36
1973.0,328.55,328.52,328.76,328.72,328.55,328.52
1973.0833333333333,329.56,328.91,329.58,328.93,329.56,328.91
1973.1666666666667,330.3,328.96,330.47,329.11,330.3,328.96
1973.25,331.5,329.07,331.75,329.3,331.5,329.07
1973.3333333333333,332.48,329.54,332.42,329.48,332.48,329.54
1973.4166666666667,332.07,329.84,331.85,329.64,332.07,329.84
1973.5,330.87,330.15,330.46,329.77,330.87,330.15
1973.5833333333333,329.31,330.63,328.52,329.88,329.31,330.63
1973.6666666666667,327.51,330.54,326.91,329.96,327.51,330.54
1973.75,327.18,330.32,326.88,330.01,327.18,330.32
1973.8333333333333,328.16,330.13,328.1,330.05,328.16,330.13
1973.9166666666667,328.64,329.45,329.28,330.07,328.64,329.45
1974.0,329.35,329.32,330.14,330.09,329.35,329.32
1974.0833333333333,330.71,330.06,330.78,330.12,330.71,330.06
1974.1666666666667,331.48,330.13,331.51,330.15,331.48,330.13
1974.25,332.65,330.21,332.64,330.18,332.65,330.21
1974.3333333333333,333.09,330.14,333.17,330.22,333.09,330.14
1974.4166666666667,332.25,330.01,332.48,330.27,332.25,330.01
1974.5,331.18,330.46,331.0,330.31,331.18,330.46
1974.5833333333333,329.39,330.72,329.0,330.36,329.39,330.72
1974.6666666666667,327.43,330.47,327.36,330.41,327.43,330.47
1974.75,327.37,330.52,327.33,330.47,327.37,330.52
1974.8333333333333,328.46,330.43,328.57,330.52,328.46,330.43
1974.9166666666667,329.57,330.38,329.79,330.59,329.57,330.38
1975.0,330.4,330.37,330.7,330.66,330.4,330.37
1975.0833333333333,331.4,330.75,331.4,330.74,331.4,330.75
1975.1666666666667,332.04,330.69,332.19,330.82,332.04,330.69
1975.25,333.31,330.86,333.37,330.91,333.31,330.86
1975.3333333333333,333.97,331.01,333.97,331.01,333.97,331.01
1975.4166666666667,333.6,331.36,333.33,331.11,333.6,331.36
1975.5,331.9,331.18,331.89,331.2,331.9,331.18
1975.5833333333333,330.06,331.39,329.93,331.3,330.06,331.39
1975.6666666666667,328.56,331.61,328.32,331.39,328.56,331.61
1975.75,328.34,331.5,328.32,331.47,328.34,331.5
1975.8333333333333,329.49,331.47,329.6,331.56,329.49,331.47
1975.9166666666667,330.76,331.58,330.84,331.64,330.76,331.58
1976.0,331.75,331.72,331.76,331.72,331.75,331.72
1976.0833333333333,332.56,331.91,332.46,331.8,332.56,331.91
1976.1666666666667,333.5,332.11,333.27,331.88,333.5,332.11
1976.25,334.58,332.11,334.45,331.95,334.58,332.11
1976.3333333333333,334.88,331.91,335.0,332.03,334.88,331.91
1976.4166666666667,334.33,332.11,334.32,332.11,334.33,332.11
1976.5,333.05,332.35,332.87,332.2,333.05,332.35
1976.5833333333333,330.94,332.3,330.9,332.29,330.94,332.3
1976.6666666666667,329.3,332.38,329.31,332.4,329.3,332.38
1976.75,328.94,332.11,329.35,332.51,328.94,332.11
1976.8333333333333,330.31,332.29,330.68,332.64,330.31,332.29
1976.9166666666667,331.68,332.5,331.98,332.78,331.68,332.5
1977.0,332.93,332.89,332.98,332.94,332.93,332.89
1977.0833333333333,333.42,332.76,333.78,333.11,333.42,332.76
1977.1666666666667,334.7,333.34,334.65,333.27,334.7,333.34
1977.25,336.07,333.61,335.94,333.46,336.07,333.61
1977.3333333333333,336.75,333.77,336.62,333.64,336.75,333.77
1977.4166666666667,336.27,334.01,336.06,333.82,336.27,334.01
1977.5,334.92,334.19,334.69,333.99,334.92,334.19
1977.5833333333333,332.75,334.09,332.78,334.15,332.75,334.09
1977.6666666666667,331.59,334.66,331.22,334.31,331.59,334.66
1977.75,331.16,334.34,331.29,334.46,331.16,334.34
1977.8333333333333,332.4,334.4,332.63,334.6,332.4,334.4
1977.9166666666667,333.85,334.67,333.94,334.74,333.85,334.67
1978.0,334.97,334.94,334.92,334.88,334.97,334.94
1978.0833333333333,335.38,334.73,335.68,335.01,335.38,334.73
1978.1666666666667,336.64,335.27,336.51,335.13,336.64,335.27
1978.25,337.76,335.29,337.74,335.26,337.76,335.29
1978.3333333333333,338.01,335.02,338.37,335.38,338.01,335.02
1978.4166666666667,337.89,335.63,337.74,335.49,337.89,335.63
1978.5,336.54,335.81,336.3,335.6,336.54,335.81
1978.5833333333333,334.68,336.03,334.32,335.7,334.68,336.03
1978.6666666666667,332.76,335.84,332.7,335.8,332.76,335.84
1978.75,332.55,335.74,332.71,335.89,332.55,335.74
1978.8333333333333,333.92,335.92,334.01,335.99,333.92,335.92
1978.9166666666667,334.95,335.77,335.29,336.09,334.95,335.77
1979.0,336.23,336.2,336.24,336.2,336.23,336.2
1979.0833333333333,336.76,336.1,336.98,336.31,336.76,336.1
1979.1666666666667,337.96,336.59,337.8,336.42,337.96,336.59
1979.25,338.88,336.41,339.04,336.54,338.88,336.41
1979.3333333333333,339.47,336.47,339.67,336.67,339.47,336.47
1979.4166666666667,339.29,337.01,339.06,336.81,339.29,337.01
1979.5,337.73,337.0,337.64,336.94,337.73,337.0
1979.5833333333333,336.09,337.44,335.7,337.08,336.09,337.44
1979.6666666666667,333.92,337.01,334.12,337.23,333.92,337.01
1979.75,333.86,337.07,334.18,337.37,333.86,337.07
1979.8333333333333,335.29,337.3,335.54,337.53,335.29,337.3
1979.9166666666667,336.73,337.55,336.88,337.69,336.73,337.55
1980.0,338.01,337.98,337.89,337.85,338.01,337.98
1980.0833333333333,338.36,337.7,338.69,338.02,338.36,337.7
1980.1666666666667,340.07,338.67,339.59,338.18,340.07,338.67
1980.25,340.77,338.26,340.86,338.34,340.77,338.26
1980.3333333333333,341.47,338.46,341.49,338.49,341.47,338.46
1980.4166666666667,341.17,338.91,340.87,338.63,341.17,338.91
1980.5,339.56,338.85,339.44,338.77,339.56,338.85
1980.5833333333333,337.6,338.98,337.48,338.9,337.6,338.98
1980.6666666666667,335.88,338.99,335.89,339.02,335.88,338.99
1980.75,336.02,339.23,335.93,339.13,336.02,339.23
1980.8333333333333,337.1,339.11,337.26,339.24,337.1,339.11
1980.9166666666667,338.21,339.04,338.54,339.34,338.21,339.04
1981.0,339.24,339.2,339.49,339.45,339.24,339.2
1981.0833333333333,340.48,339.81,340.22,339.55,340.48,339.81
1981.1666666666667,341.38,340.0,341.03,339.64,341.38,340.0
1981.25,342.51,340.01,342.24,339.73,342.51,340.01
1981.3333333333333,342.91,339.89,342.83,339.81,342.91,339.89
1981.4166666666667,342.25,339.96,342.17,339.9,342.25,339.96
1981.5,340.49,339.75,340.69,339.98,340.49,339.75
1981.5833333333333,338.43,339.79,338.68,340.07,338.43,339.79
1981.6666666666667,336.69,339.81,337.04,340.17,336.69,339.81
1981.75,336.86,340.08,337.05,340.27,336.86,340.08
1981.8333333333333,338.36,340.38,338.38,340.38,338.36,340.38
1981.9166666666667,339.61,340.44,339.67,340.49,339.61,340.44
1982.0,340.75,340.72,340.64,340.6,340.75,340.72
1982.0833333333333,341.61,340.95,341.38,340.7,341.61,340.95
1982.1666666666667,342.7,341.32,342.19,340.79,342.7,341.32
1982.25,343.57,341.06,343.4,340.88,343.57,341.06
1982.3333333333333,344.14,341.11,343.99,340.96,344.14,341.11
1982.4166666666667,343.35,341.05,343.32,341.04,343.35,341.05
1982.5,342.06,341.32,341.83,341.12,342.06,341.32
1982.5833333333333,339.81,341.17,339.8,341.2,339.81,341.17
1982.6666666666667,337.98,341.1,338.15,341.29,337.98,341.1
1982.75,337.86,341.1,338.16,341.38,337.86,341.1
1982.8333333333333,339.26,341.29,339.49,341.5,339.26,341.29
1982.9166666666667,340.49,341.32,340.82,341.63,340.49,341.32
1983.0,341.38,341.34,341.83,341.78,341.38,341.34
1983.0833333333333,342.52,341.85,342.63,341.95,342.52,341.85
1983.1666666666667,343.1,341.71,343.52,342.12,343.1,341.71
1983.25,344.94,342.43,344.84,342.31,344.94,342.43
1983.3333333333333,345.76,342.72,345.54,342.5,345.76,342.72
1983.4166666666667,345.32,343.01,344.97,342.69,345.32,343.01
1983.5,343.98,343.24,343.58,342.86,343.98,343.24
1983.5833333333333,342.38,343.75,341.63,343.03,342.38,343.75
1983.6666666666667,339.87,343.0,340.04,343.19,339.87,343.0
1983.75,339.99,343.24,340.11,343.34,339.99,343.24
1983.8333333333333,341.15,343.19,341.48,343.49,341.15,343.19
1983.9166666666667,342.99,343.83,342.81,343.63,342.99,343.83
1984.0,343.7,343.67,343.81,343.76,343.7,343.67
1984.0833333333333,344.5,343.84,344.58,343.9,344.5,343.84
1984.1666666666667,345.28,343.86,345.45,344.02,345.28,343.86
1984.25,347.06,344.52,346.71,344.15,347.06,344.52
1984.3333333333333,347.43,344.38,347.32,344.27,347.43,344.38
1984.4166666666667,346.8,344.51,346.66,344.39,346.8,344.51
1984.5,345.39,344.68,345.19,344.51,345.39,344.68
1984.5833333333333,343.28,344.68,343.19,344.63,343.28,344.68
1984.6666666666667,341.07,344.23,341.57,344.75,341.07,344.23
1984.75,341.35,344.6,341.63,344.87,341.35,344.6
1984.8333333333333,342.98,345.01,342.98,345.0,342.98,345.01
1984.9166666666667,344.22,345.06,344.31,345.12,344.22,345.06
1985.0,344.97,344.94,345.3,345.26,344.97,344.94
1985.0833333333333,345.99,345.32,346.07,345.39,345.99,345.32
1985.1666666666667,347.42,346.03,346.92,345.51,347.42,346.03
1985.25,348.35,345.82,348.17,345.63,348.35,345.82
1985.3333333333333,348.93,345.87,348.79,345.73,348.93,345.87
1985.4166666666667,348.25,345.93,348.13,345.84,348.25,345.93
1985.5,346.56,345.81,346.65,345.93,346.56,345.81
1985.5833333333333,344.67,346.05,344.61,346.02,344.67,346.05
1985.6666666666667,343.09,346.24,342.94,346.11,343.09,346.24
1985.75,342.8,346.07,342.94,346.19,342.8,346.07
1985.8333333333333,344.24,346.29,344.26,346.29,344.24,346.29
1985.9166666666667,345.56,346.39,345.55,346.38,345.56,346.39
1986.0,346.3,346.26,346.52,346.48,346.3,346.26
1986.0833333333333,346.95,346.28,347.27,346.59,346.95,346.28
1986.1666666666667,347.85,346.45,348.11,346.69,347.85,346.45
1986.25,349.55,347.02,349.37,346.81,349.55,347.02
1986.3333333333333,350.21,347.14,350.01,346.94,350.21,347.14
1986.4166666666667,349.55,347.22,349.37,347.06,349.55,347.22
1986.5,347.94,347.19,347.91,347.19,347.94,347.19
1986.5833333333333,345.9,347.28,345.9,347.32,345.9,347.28
1986.6666666666667,344.85,348.02,344.26,347.44,344.85,348.02
1986.75,344.17,347.45,344.3,347.57,344.17,347.45
1986.8333333333333,345.66,347.71,345.67,347.7,345.66,347.71
1986.9166666666667,346.9,347.74,347.01,347.83,346.9,347.74
1987.0,348.02,347.99,348.02,347.98,348.02,347.99
1987.0833333333333,348.48,347.8,348.83,348.14,348.48,347.8
1987.1666666666667,349.42,348.01,349.71,348.29,349.42,348.01
1987.25,350.99,348.44,351.04,348.47,350.99,348.44
1987.3333333333333,351.85,348.76,351.74,348.66,351.85,348.76
1987.4166666666667,351.26,348.92,351.18,348.86,351.26,348.92
1987.5,349.51,348.76,349.79,349.07,349.51,348.76
1987.5833333333333,348.1,349.48,347.86,349.28,348.1,349.48
1987.6666666666667,346.45,349.62,346.31,349.51,346.45,349.62
1987.75,346.36,349.65,346.44,349.72,346.36,349.65
1987.8333333333333,347.81,349.87,347.91,349.95,347.81,349.87
1987.9166666666667,348.96,349.81,349.34,350.17,348.96,349.81
1988.0,350.43,350.4,350.44,350.39,350.43,350.4
1988.0833333333333,351.73,351.05,351.3,350.62,351.73,351.05
1988.1666666666667,352.22,350.78,352.27,350.82,352.22,350.78
1988.25,353.59,351.01,353.62,351.02,353.59,351.01
1988.3333333333333,354.22,351.13,354.3,351.22,354.22,351.13
1988.4166666666667,353.79,351.48,353.7,351.4,353.79,351.48
1988.5,352.38,351.65,352.27,351.58,352.38,351.65
1988.5833333333333,350.43,351.85,350.29,351.74,350.43,351.85
1988.6666666666667,348.73,351.92,348.68,351.89,348.73,351.92
1988.75,348.88,352.18,348.75,352.03,348.88,352.18
1988.8333333333333,350.07,352.13,350.12,352.16,350.07,352.13
1988.9166666666667,351.34,352.19,351.45,352.28,351.34,352.19
1989.0,352.76,352.73,352.44,352.39,352.76,352.73
1989.0833333333333,353.07,352.39,353.19,352.5,353.07,352.39
1989.1666666666667,353.68,352.26,354.03,352.6,353.68,352.26
1989.25,355.42,352.86,355.28,352.7,355.42,352.86
1989.3333333333333,355.67,352.57,355.9,352.8,355.67,352.57
1989.4166666666667,355.12,352.77,355.22,352.89,355.12,352.77
1989.5,353.9,353.14,353.72,352.99,353.9,353.14
1989.5833333333333,351.67,353.06,351.66,353.09,351.67,353.06
1989.6666666666667,349.8,353.0,349.97,353.18,349.8,353.0
1989.75,349.99,353.3,349.98,353.28,349.99,353.3
1989.8333333333333,351.3,353.37,351.33,353.38,351.3,353.37
1989.9166666666667,352.52,353.38,352.65,353.48,352.52,353.38
1990.0,353.66,353.63,353.63,353.58,353.66,353.63
1990.0833333333333,354.7,354.02,354.38,353.69,354.7,354.02
1990.1666666666667,355.38,353.96,355.21,353.78,355.38,353.96
1990.25,356.2,353.63,356.47,353.88,356.2,353.63
1990.3333333333333,357.16,354.05,357.1,353.99,357.16,354.05
1990.4166666666667,356.23,353.87,356.44,354.1,356.23,353.87
1990.5,354.81,354.06,354.95,354.22,354.81,354.06
1990.5833333333333,352.91,354.31,352.91,354.35,352.91,354.31
1990.6666666666667,350.96,354.17,351.27,354.49,350.96,354.17
1990.75,351.18,354.5,351.32,354.63,351.18,354.5
1990.8333333333333,352.83,354.91,352.73,354.78,352.83,354.91
1990.9166666666667,354.21,355.06,354.09,354.93,354.21,355.06
1991.0,354.72,354.69,355.12,355.08,354.72,354.69
1991.0833333333333,355.75,355.06,355.91,355.22,355.75,355.06
1991.1666666666667,357.16,355.73,356.78,355.34,357.16,355.73
1991.25,358.6,356.02,358.04,355.45,358.6,356.02
1991.3333333333333,359.34,356.21,358.66,355.54,359.34,356.21
1991.4166666666667,358.24,355.88,357.97,355.62,358.24,355.88
1991.5,356.17,355.41,356.42,355.69,356.17,355.41
1991.5833333333333,354.02,355.42,354.31,355.75,354.02,355.42
1991.6666666666667,352.15,355.37,352.57,355.8,352.15,355.37
1991.75,352.21,355.55,352.54,355.86,352.21,355.55
1991.8333333333333,353.75,355.84,353.87,355.93,353.75,355.84
1991.9166666666667,354.99,355.85,355.16,356.0,354.99,355.85
1992.0,355.99,355.95,356.11,356.07,355.99,355.95
1992.0833333333333,356.72,356.04,356.83,356.14,356.72,356.04
1992.1666666666667,357.81,356.35,357.67,356.2,357.81,356.35
1992.25,359.15,356.54,358.89,356.26,359.15,356.54
1992.3333333333333,359.66,356.53,359.44,356.32,359.66,356.53
1992.4166666666667,359.25,356.9,358.69,356.36,359.25,356.9
1992.5,357.02,356.29,357.1,356.4,357.02,356.29
1992.5833333333333,355.0,356.44,354.96,356.43,355.0,356.44
1992.6666666666667,353.01,356.25,353.21,356.46,353.01,356.25
1992.75,353.31,356.65,353.17,356.49,353.31,356.65
1992.8333333333333,354.16,356.25,354.47,356.53,354.16,356.25
1992.9166666666667,355.4,356.26,355.74,356.58,355.4,356.26
1993.0,356.7,356.67,356.67,356.63,356.7,356.67
1993.0833333333333,357.17,356.47,357.39,356.69,357.17,356.47
1993.1666666666667,358.38,356.94,358.2,356.75,358.38,356.94
1993.25,359.46,356.87,359.44,356.83,359.46,356.87
1993.3333333333333,360.28,357.14,360.05,356.91,360.28,357.14
1993.4166666666667,359.6,357.21,359.36,357.0,359.6,357.21
1993.5,357.57,356.8,357.83,357.09,357.57,356.8
1993.5833333333333,355.52,356.93,355.76,357.21,355.52,356.93
1993.6666666666667,353.69,356.93,354.08,357.33,353.69,356.93
1993.75,353.99,357.34,354.13,357.47,353.99,357.34
1993.8333333333333,355.34,357.44,355.54,357.62,355.34,357.44
1993.9166666666667,356.8,357.66,356.93,357.78,356.8,357.66
1994.0,358.37,358.33,357.99,357.95,358.37,358.33
1994.0833333333333,358.91,358.22,358.82,358.11,358.91,358.22
1994.1666666666667,359.97,358.53,359.72,358.27,359.97,358.53
1994.25,361.26,358.66,361.05,358.43,361.26,358.66
1994.3333333333333,361.69,358.53,361.74,358.59,361.69,358.53
1994.4166666666667,360.94,358.56,361.13,358.76,360.94,358.56
1994.5,359.55,358.78,359.66,358.92,359.55,358.78
1994.5833333333333,357.48,358.9,357.64,359.1,357.48,358.9
1994.6666666666667,355.84,359.09,356.01,359.27,355.84,359.09
1994.75,356.0,359.36,356.1,359.45,356.0,359.36
1994.8333333333333,357.58,359.69,357.55,359.63,357.58,359.69
1994.9166666666667,359.04,359.9,358.97,359.81,359.04,359.9
1995.0,359.97,359.94,360.04,359.99,359.97,359.94
1995.0833333333333,361.0,360.31,360.88,360.18,361.0,360.31
1995.1666666666667,361.64,360.19,361.79,360.33,361.64,360.19
1995.25,363.45,360.84,363.14,360.51,363.45,360.84
1995.3333333333333,363.8,360.63,363.83,360.67,363.8,360.63
1995.4166666666667,363.26,360.87,363.21,360.84,363.26,360.87
1995.5,361.89,361.12,361.73,360.99,361.89,361.12
1995.5833333333333,359.45,360.88,359.7,361.15,359.45,360.88
1995.6666666666667,358.05,361.31,358.04,361.32,358.05,361.31
1995.75,357.75,361.13,358.11,361.47,357.75,361.13
1995.8333333333333,359.56,361.68,359.54,361.63,359.56,361.68
1995.9166666666667,360.7,361.57,360.94,361.79,360.7,361.57
1996.0,362.05,362.02,361.98,361.94,362.05,362.02
1996.0833333333333,363.24,362.55,362.79,362.09,363.24,362.55
1996.1666666666667,364.02,362.55,363.7,362.21,364.02,362.55
1996.25,364.71,362.07,365.0,362.34,364.71,362.07
1996.3333333333333,365.41,362.24,365.62,362.45,365.41,362.24
1996.4166666666667,364.97,362.59,364.92,362.56,364.97,362.59
1996.5,363.65,362.9,363.37,362.66,363.65,362.9
1996.5833333333333,361.48,362.94,361.26,362.75,361.48,362.94
1996.6666666666667,359.45,362.73,359.54,362.84,359.45,362.73
1996.75,359.61,362.99,359.55,362.91,359.61,362.99
1996.8333333333333,360.76,362.87,360.9,362.99,360.76,362.87
1996.9166666666667,362.33,363.2,362.22,363.07,362.33,363.2
1997.0,363.18,363.15,363.2,363.15,363.18,363.15
1997.0833333333333,363.99,363.29,363.95,363.24,363.99,363.29
1997.1666666666667,364.56,363.11,364.79,363.33,364.56,363.11
1997.25,366.36,363.73,366.08,363.43,366.36,363.73
1997.3333333333333,366.8,363.62,366.73,363.55,366.8,363.62
1997.4166666666667,365.63,363.22,366.07,363.68,365.63,363.22
1997.5,364.47,363.69,364.58,363.83,364.47,363.69
1997.5833333333333,362.5,363.93,362.54,364.01,362.5,363.93
1997.6666666666667,360.19,363.47,360.91,364.21,360.19,363.47
1997.75,360.78,364.17,361.04,364.42,360.78,364.17
1997.8333333333333,362.43,364.56,362.56,364.67,362.43,364.56
1997.9166666666667,364.28,365.15,364.06,364.92,364.28,365.15
1998.0,365.33,365.3,365.23,365.19,365.33,365.3
1998.0833333333333,366.15,365.45,366.17,365.46,366.15,365.45
1998.1666666666667,367.31,365.85,367.19,365.71,367.31,365.85
1998.25,368.61,365.98,368.64,365.99,368.61,365.98
1998.3333333333333,369.3,366.11,369.44,366.25,369.3,366.11
1998.4166666666667,368.88,366.46,368.91,366.51,368.88,366.46
1998.5,367.64,366.86,367.5,366.75,367.64,366.86
1998.5833333333333,365.78,367.21,365.51,366.99,365.78,367.21
1998.6666666666667,363.9,367.19,363.9,367.2,363.9,367.19
1998.75,364.23,367.64,364.0,367.4,364.23,367.64
1998.8333333333333,365.46,367.59,365.46,367.57,365.46,367.59
1998.9166666666667,366.97,367.84,366.86,367.72,366.97,367.84
1999.0,368.15,368.12,367.9,367.85,368.15,368.12
1999.0833333333333,368.87,368.17,368.68,367.97,368.87,368.17
1999.1666666666667,369.59,368.12,369.53,368.05,369.59,368.12
1999.25,371.14,368.5,370.8,368.13,371.14,368.5
1999.3333333333333,371.0,367.8,371.41,368.2,371.0,367.8
1999.4166666666667,370.35,367.93,370.68,368.27,370.35,367.93
1999.5,369.27,368.49,369.09,368.34,369.27,368.49
1999.5833333333333,366.93,368.37,366.93,368.41,366.93,368.37
1999.6666666666667,364.64,367.94,365.17,368.49,364.64,367.94
1999.75,365.13,368.55,365.16,368.56,365.13,368.55
1999.8333333333333,366.68,368.82,366.53,368.65,366.68,368.82
1999.9166666666667,368.0,368.88,367.87,368.74,368.0,368.88
2000.0,369.14,369.1,368.87,368.83,369.14,369.1
2000.0833333333333,369.46,368.75,369.64,368.92,369.46,368.75
2000.1666666666667,370.51,369.02,370.53,369.02,370.51,369.02
2000.25,371.66,368.98,371.82,369.12,371.66,368.98
2000.3333333333333,371.83,368.62,372.45,369.24,371.83,368.62
2000.4166666666667,371.69,369.28,371.76,369.37,371.69,369.28
2000.5,370.12,369.36,370.23,369.5,370.12,369.36
2000.5833333333333,368.12,369.59,368.14,369.65,368.12,369.59
2000.6666666666667,366.62,369.94,366.46,369.8,366.62,369.94
2000.75,366.73,370.15,366.52,369.94,366.73,370.15
2000.8333333333333,368.29,370.43,367.96,370.08,368.29,370.43
2000.9166666666667,369.53,370.4,369.34,370.21,369.53,370.4
2001.0,370.28,370.25,370.38,370.33,370.28,370.25
2001.0833333333333,371.5,370.79,371.17,370.45,371.5,370.79
2001.1666666666667,372.12,370.65,372.05,370.56,372.12,370.65
2001.25,372.86,370.2,373.36,370.68,372.86,370.2
2001.3333333333333,374.02,370.8,374.02,370.8,374.02,370.8
2001.4166666666667,373.31,370.87,373.35,370.93,373.31,370.87
2001.5,371.62,370.83,371.82,371.06,371.62,370.83
2001.5833333333333,369.55,371.0,369.72,371.21,369.55,371.0
2001.6666666666667,367.96,371.28,368.02,371.36,367.96,371.28
2001.75,368.09,371.54,368.09,371.51,368.09,371.54
2001.8333333333333,369.68,371.84,369.55,371.68,369.68,371.84
2001.9166666666667,371.24,372.12,370.97,371.84,371.24,372.12
2002.0,372.44,372.4,372.06,372.01,372.44,372.4
2002.0833333333333,373.08,372.37,372.9,372.18,373.08,372.37
2002.1666666666667,373.52,372.04,373.83,372.34,373.52,372.04
2002.25,374.85,372.19,375.22,372.53,374.85,372.19
2002.3333333333333,375.55,372.32,375.95,372.72,375.55,372.32
2002.4166666666667,375.4,372.95,375.36,372.93,375.4,372.95
2002.5,374.02,373.23,373.9,373.14,374.02,373.23
2002.5833333333333,371.48,372.94,371.88,373.37,371.48,372.94
2002.6666666666667,370.7,374.03,370.25,373.6,370.7,374.03
2002.75,370.25,373.7,370.39,373.83,370.25,373.7
2002.8333333333333,372.08,374.24,371.93,374.06,372.08,374.24
2002.9166666666667,373.78,374.67,373.42,374.29,373.78,374.67
2003.0,374.68,374.65,374.56,374.51,374.68,374.65
2003.0833333333333,375.62,374.91,375.45,374.73,375.62,374.91
2003.1666666666667,376.11,374.63,376.42,374.92,376.11,374.63
2003.25,377.65,374.97,377.83,375.13,377.65,374.97
2003.3333333333333,378.35,375.11,378.58,375.34,378.35,375.11
2003.4166666666667,378.13,375.67,377.97,375.54,378.13,375.67
2003.5,376.61,375.81,376.49,375.73,376.61,375.81
2003.5833333333333,374.48,375.94,374.43,375.92,374.48,375.94
2003.6666666666667,372.98,376.32,372.74,376.1,372.98,376.32
2003.75,373.0,376.46,372.82,376.27,373.0,376.46
2003.8333333333333,374.35,376.51,374.28,376.43,374.35,376.51
2003.9166666666667,375.69,376.58,375.7,376.57,375.69,376.58
2004.0,376.79,376.75,376.76,376.71,376.79,376.75
2004.0833333333333,377.36,376.65,377.57,376.85,377.36,376.65
2004.1666666666667,378.39,376.88,378.49,376.96,378.39,376.88
2004.25,380.5,377.79,379.81,377.08,380.5,377.79
2004.3333333333333,380.62,377.36,380.45,377.2,380.62,377.36
2004.4166666666667,379.55,377.11,379.73,377.31,379.55,377.11
2004.5,377.76,377.0,378.17,377.44,377.76,377.0
2004.5833333333333,375.83,377.33,376.04,377.57,375.83,377.33
2004.6666666666667,374.05,377.41,374.34,377.72,374.05,377.41
2004.75,374.22,377.69,374.43,377.88,374.22,377.69
2004.8333333333333,375.84,378.01,375.92,378.07,375.84,378.01
2004.9166666666667,377.44,378.33,377.38,378.25,377.44,378.33
2005.0,378.34,378.3,378.5,378.46,378.34,378.3
2005.0833333333333,379.61,378.89,379.39,378.67,379.61,378.89
2005.1666666666667,380.08,378.59,380.37,378.86,380.08,378.59
2005.25,382.05,379.35,381.79,379.08,382.05,379.35
2005.3333333333333,382.24,378.98,382.56,379.29,382.24,378.98
2005.4166666666667,382.08,379.61,381.96,379.51,382.08,379.61
2005.5,380.67,379.87,380.49,379.73,380.67,379.87
2005.5833333333333,378.67,380.14,378.43,379.94,378.67,380.14
2005.6666666666667,376.42,379.78,376.77,380.15,376.42,379.78
2005.75,376.8,380.28,376.88,380.35,376.8,380.28
2005.8333333333333,378.31,380.49,378.39,380.55,378.31,380.49
2005.9166666666667,379.96,380.86,379.86,380.73,379.96,380.86
2006.0,381.37,381.33,380.96,380.92,381.37,381.33
2006.0833333333333,382.02,381.3,381.82,381.09,382.02,381.3
2006.1666666666667,382.56,381.07,382.75,381.24,382.56,381.07
2006.25,384.37,381.66,384.11,381.39,384.37,381.66
2006.3333333333333,384.92,381.65,384.81,381.54,384.92,381.65
2006.4166666666667,384.03,381.55,384.14,381.68,384.03,381.55
2006.5,382.28,381.48,382.59,381.83,382.28,381.48
2006.5833333333333,380.48,381.95,380.47,381.98,380.48,381.95
2006.6666666666667,378.81,382.18,378.73,382.13,378.81,382.18
2006.75,379.06,382.55,378.79,382.27,379.06,382.55
2006.8333333333333,380.14,382.33,380.26,382.42,380.14,382.33
2006.9166666666667,381.66,382.56,381.69,382.57,381.66,382.56
2007.0,382.58,382.55,382.77,382.72,382.58,382.55
2007.0833333333333,383.71,382.99,383.61,382.87,383.71,382.99
2007.1666666666667,384.34,382.84,384.53,383.02,384.34,382.84
2007.25,386.23,383.52,385.9,383.18,386.23,383.52
2007.3333333333333,386.41,383.13,386.61,383.33,386.41,383.13
2007.4166666666667,385.87,383.38,385.96,383.49,385.87,383.38
2007.5,384.45,383.64,384.42,383.65,384.45,383.64
2007.5833333333333,381.84,383.32,382.3,383.82,381.84,383.32
2007.6666666666667,380.86,384.25,380.58,383.98,380.86,384.25
2007.75,380.86,384.37,380.65,384.14,380.86,384.37
2007.8333333333333,382.36,384.55,382.12,384.3,382.36,384.55
2007.9166666666667,383.61,384.51,383.56,384.44,383.61,384.51
2008.0,385.07,385.04,384.64,384.59,385.07,385.04
2008.0833333333333,385.84,385.12,385.47,384.73,385.84,385.12
2008.1666666666667,385.83,384.3,386.42,384.87,385.83,384.3
2008.25,386.77,384.02,387.79,385.02,386.77,384.02
2008.3333333333333,388.51,385.22,388.47,385.18,388.51,385.22
2008.4166666666667,388.05,385.58,387.8,385.35,388.05,385.58
2008.5,386.25,385.48,386.26,385.52,386.25,385.48
2008.5833333333333,384.08,385.6,384.14,385.69,384.08,385.6
2008.6666666666667,383.09,386.49,382.43,385.85,383.09,386.49
2008.75,382.78,386.29,382.51,386.01,382.78,386.29
2008.8333333333333,384.01,386.21,384.0,386.17,384.01,386.21
2008.9166666666667,385.11,386.01,385.43,386.32,385.11,386.01
2009.0,386.65,386.62,386.52,386.47,386.65,386.62
2009.0833333333333,387.12,386.4,387.37,386.63,387.12,386.4
2009.1666666666667,388.52,387.01,388.3,386.77,388.52,387.01
2009.25,389.57,386.84,389.69,386.94,389.57,386.84
2009.3333333333333,390.16,386.86,390.41,387.11,390.16,386.86
2009.4166666666667,389.62,387.12,389.77,387.29,389.62,387.12
2009.5,388.07,387.26,388.25,387.47,388.07,387.26
2009.5833333333333,386.08,387.57,386.15,387.68,386.08,387.57
2009.6666666666667,384.65,388.06,384.46,387.89,384.65,388.06
2009.75,384.33,387.86,384.58,388.1,384.33,387.86
2009.8333333333333,386.05,388.26,386.14,388.32,386.05,388.26
2009.9166666666667,387.49,388.39,387.65,388.54,387.49,388.39
2010.0,388.55,388.52,388.82,388.77,388.55,388.52
2010.0833333333333,390.07,389.35,389.73,388.99,390.07,389.35
2010.1666666666667,391.01,389.5,390.72,389.19,391.01,389.5
2010.25,392.38,389.64,392.15,389.39,392.38,389.64
2010.3333333333333,393.22,389.9,392.9,389.58,393.22,389.9
2010.4166666666667,392.24,389.73,392.26,389.77,392.24,389.73
2010.5,390.33,389.52,390.72,389.94,390.33,389.52
2010.5833333333333,388.52,390.01,388.58,390.11,388.52,390.01
2010.6666666666667,386.84,390.25,386.84,390.28,386.84,390.25
2010.75,387.16,390.7,386.91,390.43,387.16,390.7
2010.8333333333333,388.67,390.88,388.39,390.58,388.67,390.88
2010.9166666666667,389.81,390.72,389.83,390.72,389.81,390.72
2011.0,391.3,391.26,390.9,390.85,391.3,391.26
2011.0833333333333,391.92,391.19,391.72,390.98,391.92,391.19
2011.1666666666667,392.45,390.94,392.63,391.1,392.45,390.94
2011.25,393.37,390.62,394.0,391.23,393.37,390.62
2011.3333333333333,394.28,390.96,394.7,391.37,394.28,390.96
2011.4166666666667,393.69,391.18,394.03,391.53,393.69,391.18
2011.5,392.59,391.78,392.47,391.7,392.59,391.78
2011.5833333333333,390.21,391.71,390.34,391.87,390.21,391.71
2011.6666666666667,389.0,392.43,388.61,392.05,389.0,392.43
2011.75,388.93,392.48,388.7,392.23,388.93,392.48
2011.8333333333333,390.24,392.47,390.22,392.41,390.24,392.47
2011.9166666666667,391.8,392.71,391.7,392.59,391.8,392.71
2012.0,393.07,393.04,392.82,392.78,393.07,393.04
2012.0833333333333,393.35,392.62,393.7,392.96,393.35,392.62
2012.1666666666667,394.36,392.81,394.71,393.14,394.36,392.81
2012.25,396.43,393.65,396.14,393.34,396.43,393.65
2012.3333333333333,396.87,393.54,396.88,393.55,396.87,393.54
2012.4166666666667,395.88,393.38,396.24,393.76,395.88,393.38
2012.5,394.52,393.74,394.73,393.98,394.52,393.74
2012.5833333333333,392.54,394.06,392.65,394.22,392.54,394.06
2012.6666666666667,391.13,394.57,391.0,394.46,391.13,394.57
2012.75,391.01,394.56,391.16,394.7,391.01,394.56
2012.8333333333333,392.95,395.17,392.74,394.94,392.95,395.17
2012.9166666666667,394.34,395.25,394.28,395.17,394.34,395.25
2013.0,395.61,395.57,395.45,395.4,395.61,395.57
2013.0833333333333,396.85,396.11,396.38,395.63,396.85,396.11
2013.1666666666667,397.26,395.73,397.37,395.83,397.26,395.73
2013.25,398.35,395.59,398.82,396.04,398.35,395.59
2013.3333333333333,399.98,396.63,399.59,396.24,399.98,396.63
2013.4166666666667,398.87,396.34,398.96,396.45,398.87,396.34
2013.5,397.37,396.55,397.42,396.64,397.37,396.55
2013.5833333333333,395.41,396.91,395.29,396.83,395.41,396.91
2013.6666666666667,393.39,396.84,393.56,397.02,393.39,396.84
2013.75,393.7,397.27,393.64,397.2,393.7,397.27
2013.8333333333333,395.19,397.43,395.17,397.38,395.19,397.43
2013.9166666666667,396.82,397.74,396.65,397.55,396.82,397.74
2014.0,397.92,397.89,397.77,397.72,397.92,397.89
2014.0833333333333,398.1,397.36,398.64,397.89,398.1,397.36
2014.1666666666667,399.47,397.94,399.59,398.04,399.47,397.94
2014.25,401.33,398.56,400.99,398.21,401.33,398.56
2014.3333333333333,401.88,398.53,401.72,398.36,401.88,398.53
2014.4166666666667,401.31,398.76,401.04,398.52,401.31,398.76
2014.5,399.07,398.25,399.46,398.68,399.07,398.25
2014.5833333333333,397.21,398.72,397.3,398.84,397.21,398.72
2014.6666666666667,395.4,398.86,395.53,399.01,395.4,398.86
2014.75,395.65,399.23,395.61,399.18,395.65,399.23
2014.8333333333333,397.23,399.47,397.13,399.35,397.23,399.47
2014.9166666666667,398.79,399.71,398.63,399.53,398.79,399.71
2015.0,399.85,399.82,399.76,399.71,399.85,399.82
2015.0833333333333,400.31,399.57,400.65,399.9,400.31,399.57
2015.1666666666667,401.51,399.98,401.63,400.08,401.51,399.98
2015.25,403.45,400.68,403.08,400.29,403.45,400.68
2015.3333333333333,404.1,400.74,403.86,400.5,404.1,400.74
2015.4166666666667,402.88,400.33,403.26,400.74,402.88,400.33
2015.5,401.61,400.79,401.77,400.98,401.61,400.79
2015.5833333333333,399.0,400.51,399.71,401.26,399.0,400.51
2015.6666666666667,397.5,400.96,398.07,401.56,397.5,400.96
2015.75,398.28,401.88,398.28,401.86,398.28,401.88
2015.8333333333333,400.24,402.49,399.95,402.18,400.24,402.49
2015.9166666666667,401.89,402.81,401.59,402.49,401.89,402.81
2016.0,402.65,402.61,402.86,402.81,402.65,402.61
2016.0833333333333,404.16,403.42,403.87,403.12,404.16,403.42
2016.1666666666667,404.85,403.29,404.98,403.4,404.85,403.29
2016.25,407.57,404.75,406.51,403.68,407.57,404.75
2016.3333333333333,407.66,404.28,407.3,403.93,407.66,404.28
2016.4166666666667,407.0,404.47,406.67,404.17,407.0,404.47
2016.5,404.5,403.71,405.15,404.39,404.5,403.71
2016.5833333333333,402.24,403.79,403.03,404.61,402.24,403.79
2016.6666666666667,401.01,404.5,401.33,404.83,401.01,404.5
2016.75,401.5,405.1,401.46,405.04,401.5,405.1
2016.8333333333333,403.64,405.89,403.03,405.26,403.64,405.89
2016.9166666666667,404.55,405.48,404.54,405.45,404.55,405.48
2017.0,406.07,406.04,405.69,405.64,406.07,406.04
2017.0833333333333,406.64,405.9,406.57,405.82,406.64,405.9
2017.1666666666667,407.06,405.51,407.54,405.97,407.06,405.51
2017.25,408.95,406.16,408.95,406.14,408.95,406.16
2017.3333333333333,409.91,406.52,409.68,406.3,409.91,406.52
2017.4166666666667,409.12,406.55,409.0,406.46,409.12,406.55
2017.5,407.2,406.37,407.4,406.61,407.2,406.37
2017.5833333333333,405.24,406.76,405.2,406.76,405.24,406.76
2017.6666666666667,403.27,406.76,403.41,406.92,403.27,406.76
2017.75,403.64,407.25,403.46,407.06,403.64,407.25
2017.8333333333333,405.17,407.43,404.97,407.21,405.17,407.43
2017.9166666666667,406.75,407.68,406.45,407.36,406.75,407.68
2018.0,408.05,408.01,407.55,407.5,408.05,408.01
2018.0833333333333,408.34,407.6,408.41,407.66,408.34,407.6
2018.1666666666667,409.25,407.7,409.37,407.8,409.25,407.7
2018.25,410.3,407.5,410.8,407.98,410.3,407.5
2018.3333333333333,411.3,407.91,411.57,408.17,411.3,407.91
2018.4166666666667,410.88,408.3,410.95,408.4,410.88,408.3
2018.5,408.9,408.07,409.43,408.64,408.9,408.07
2018.5833333333333,407.1,408.62,407.34,408.91,407.1,408.62
2018.6666666666667,405.59,409.09,405.69,409.21,405.59,409.09
2018.75,405.99,409.62,405.89,409.5,405.99,409.62
2018.8333333333333,408.12,410.39,407.58,409.82,408.12,410.39
2018.9166666666667,409.23,410.16,409.22,410.13,409.23,410.16
2019.0,410.92,410.88,410.51,410.46,410.92,410.88
2019.0833333333333,-99.99,-99.99,-99.99,-99.99,-99.99,-99.99
2019.1666666666667,-99.99,-99.99,-99.99,-99.99,-99.99,-99.99
2019.25,-99.99,-99.99,-99.99,-99.99,-99.99,-99.99
2019.3333333333333,-99.99,-99.99,-99.99,-99.99,-99.99,-99.99
2019.4166666666667,-99.99,-99.99,-99.99,-99.99,-99.99,-99.99
2019.5,-99.99,-99.99,-99.99,-99.99,-99.99,-99.99
2019.5833333333333,-99.99,-99.99,-99.99,-99.99,-99.99,-99.99
2019.6666666666667,-99.99,-99.99,-99.99,-99.99,-99.99,-99.99
2019.75,-99.99,-99.99,-99.99,-99.99,-99.99,-99.99
2019.8333333333333,-99.99,-99.99,-99.99,-99.99,-99.99,-99.99
2019.9166666666667,-99.99,-99.99,-99.99,-99.99,-99.99,-99.99
